Barcode Set A Forward	Barcode Set A Reverse	Barcode Set B Forward	Barcode Set B Reverse	Barcode Set C Forward	Barcode Set C Reverse	Barcode Set D Forward	Barcode Set D Reverse
CAGAGAGATTAGTGAGCCGG	CGAACCGGCTCACTAATCTC	TTCGCTCACTCACAACGGCT	GTCAAGCCGTTGTGAGTGAG	TGACGGCTCATACGGTAACT	TGGTAGTTACCGTATGAGCC	ACCACAAATCCCTCGCATGA	GTTGTCATGCGAGGGATTTG
CAGAACTTTCCATTGGTGCC	CGAAGGCACCAATGGAAAGT	TTCGTTACCAGGAACGAAGA	GTCATCTTCGTTCCTGGTAA	TGACGTAAGTAAGCCGCGAG	TGGTCTCGCGGCTTACTTAC	ACCATTGGGCGTTGTGATGA	GTTGTCATCACAACGCCCAA
CAGACCCTGGTTGACACGAT	CGAAATCGTGTCAACCAGGG	TTCGCATAACCCGAGCAACT	GTCAAGTTGCTCGGGTTATG	TGACCCCTAAATAGCCTGTC	TGGTGACAGGCTATTTAGGG	ACCAAACTCCGACACTCTCT	GTTGAGAGAGTGTCGGAGTT
CAGATGCCGAACTGTCTGAC	CGAAGTCAGACAGTTCGGCA	TTCGCCCGTTCATGTTGTTG	GTCACAACAACATGAACGGG	TGACTCAGCTTCTTGTGTCA	TGGTTGACACAAGAAGCTGA	ACCACTCGTCCCAAACAGTT	GTTGAACTGTTTGGGACGAG
CAGAAGCGCGGAAGGTACAT	CGAAATGTACCTTCCGCGCT	TTCGAATAACGGGTGAAGAG	GTCACTCTTCACCCGTTATT	TGACTGTTCCTAGCCCCTGA	TGGTTCAGGGGCTAGGAACA	ACCAGCCTTCCTAGAAACAC	GTTGGTGTTTCTAGGAAGGC
CAGACCAATTGCTAGGTAGG	CGAACCTACCTAGCAATTGG	TTCGTAGGGCTGCCTACTGA	GTCATCAGTAGGCAGCCCTA	TGACTGGTATAACATGTGGG	TGGTCCCACATGTTATACCA	ACCACAGTCAGCATGTCCCA	GTTGTGGGACATGCTGACTG
CAGAACATTAGACCTCCGTG	CGAACACGGAGGTCTAATGT	TTCGACGTCCGAGAACACCA	GTCATGGTGTTCTCGGACGT	TGACAGAAGAAGAGTGGTCG	TGGTCGACCACTCTTCTTCT	ACCATGCTACCTCGTCAGAC	GTTGGTCTGACGAGGTAGCA
CAGAGGTAGCTTGTGAACTG	CGAACAGTTCACAAGCTACC	TTCGGCGCTCGATACCAATC	GTCAGATTGGTATCGAGCGC	TGACGAGCTACCCATCATCA	TGGTTGATGATGGGTAGCTC	ACCACTGGCTTGGGAACGAT	GTTGATCGTTCCCAAGCCAG
CAGACTAGAATCGTCGCACC	CGAAGGTGCGACGATTCTAG	TTCGCCTTAGGACGCTATCA	GTCATGATAGCGTCCTAAGG	TGACGGCCTGTAACCTAAGG	TGGTCCTTAGGTTACAGGCC	ACCAACCTGCTGTATATGTG	GTTGCACATATACAGCAGGT
CAGATTCGCTAGTATCCGCA	CGAATGCGGATACTAGCGAA	TTCGCCATGCACACGTATAG	GTCACTATACGTGTGCATGG	TGACATACCAACGTCACTCC	TGGTGGAGTGACGTTGGTAT	ACCAGAAGAGCGAGGATAAG	GTTGCTTATCCTCGCTCTTC
CAGATGTACAGTCGGGAAGG	CGAACCTTCCCGACTGTACA	TTCGGACGCATATGTAGTTC	GTCAGAACTACATATGCGTC	TGACTGATAAACCCCCTTTC	TGGTGAAAGGGGGTTTATCA	ACCATGGCCAACATCTCCTA	GTTGTAGGAGATGTTGGCCA
CAGATGGCGTTAGAGGTCGA	CGAATCGACCTCTAACGCCA	TTCGCTACGGATCGGGCTAA	GTCATTAGCCCGATCCGTAG	TGACGTGTTGTCGCGCCATA	TGGTTATGGCGCGACAACAC	ACCATCCATTCCCAGTCATG	GTTGCATGACTGGGAATGGA
CAGATCGGAAAGCATGACGT	CGAAACGTCATGCTTTCCGA	TTCGTGGGGAGACAATGTTA	GTCATAACATTGTCTCCCCA	TGACGCGATCGTTTTAGAGG	TGGTCCTCTAAAACGATCGC	ACCATCCTGCAGCGCTTTGA	GTTGTCAAAGCGCTGCAGGA
CAGATCCAGGCTAGCTACAC	CGAAGTGTAGCTAGCCTGGA	TTCGTCGAATCTGACACTAG	GTCACTAGTGTCAGATTCGA	TGACTAACAAAGCCCCCTTG	TGGTCAAGGGGGCTTTGTTA	ACCATAACCACCGGACCACT	GTTGAGTGGTCCGGTGGTTA
CAGATCTCTGACTTACGGCG	CGAACGCCGTAAGTCAGAGA	TTCGCTACGATGAACCGCGT	GTCAACGCGGTTCATCGTAG	TGACGGGATCGTCAGCAATT	TGGTAATTGCTGACGATCCC	ACCATTTGGATCAGCATACG	GTTGCGTATGCTGATCCAAA
CAGAATAGACTTCTCCGGGA	CGAATCCCGGAGAAGTCTAT	TTCGACACCTTGCACATACA	GTCATGTATGTGCAAGGTGT	TGACTCGAGTAGGCCACATC	TGGTGATGTGGCCTACTCGA	ACCATATGCTAGAGTTCCGC	GTTGGCGGAACTCTAGCATA
CAGAACGCTGATCACACTAG	CGAACTAGTGTGATCAGCGT	TTCGCTGCATTCTAGGTGGG	GTCACCCACCTAGAATGCAG	TGACCACAGATTGGACCTCG	TGGTCGAGGTCCAATCTGTG	ACCAAATGATGAGAACTGGC	GTTGGCCAGTTCTCATCATT
CAGACTACCCAGGAAACACT	CGAAAGTGTTTCCTGGGTAG	TTCGGCTGTCACGGAGAGTT	GTCAAACTCTCCGTGACAGC	TGACATCTCTACATGCCGAA	TGGTTTCGGCATGTAGAGAT	ACCATGTGTTCCATGCATCT	GTTGAGATGCATGGAACACA
CAGATTTGTCCCGGTGTGCT	CGAAAGCACACCGGGACAAA	TTCGAAGTGAAGTTCAGGGC	GTCAGCCCTGAACTTCACTT	TGACTCGCCAGATCTACGTG	TGGTCACGTAGATCTGGCGA	ACCACTCTATACGCCAAGTC	GTTGGACTTGGCGTATAGAG
CAGAAGACGGGCTAATAGGT	CGAAACCTATTAGCCCGTCT	TTCGCGGATAGCAGTACGTA	GTCATACGTACTGCTATCCG	TGACCTCTTGAGCAATGAGT	TGGTACTCATTGCTCAAGAG	ACCATTAGGATGAAACGGGA	GTTGTCCCGTTTCATCCTAA
CAGACCCTCCTCCTTTAAAC	CGAAGTTTAAAGGAGGAGGG	TTCGGATAATGGTCGGCATC	GTCAGATGCCGACCATTATC	TGACCCTGCTTGGTTTGTGG	TGGTCCACAAACCAAGCAGG	ACCACCTATACCACACGTCA	GTTGTGACGTGTGGTATAGG
CAGAGAGAAGTGCCCTGTCT	CGAAAGACAGGGCACTTCTC	TTCGGGTGCGGTCTATAATG	GTCACATTATAGACCGCACC	TGACCAGCGCTATCTACGAA	TGGTTTCGTAGATAGCGCTG	ACCAACGTCGGAAAGGTTGA	GTTGTCAACCTTTCCGACGT
CAGAATGCTTGATATGCCTC	CGAAGAGGCATATCAAGCAT	TTCGTAGCATGGGTCTTACT	GTCAAGTAAGACCCATGCTA	TGACTGATTCAGTTCGTCTC	TGGTGAGACGAACTGAATCA	ACCATGAGTAGTCACGTTCG	GTTGCGAACGTGACTACTCA
CAGACTTAGCGAAGTCCTAG	CGAACTAGGACTTCGCTAAG	TTCGCAAGGTCTCGGTGATA	GTCATATCACCGAGACCTTG	TGACAAAGCCCGGGACTGTT	TGGTAACAGTCCCGGGCTTT	ACCATTCAATGGCCGGGAAT	GTTGATTCCCGGCCATTGAA
CAGAGAGGCATGAAGAAAGA	CGAATCTTTCTTCATGCCTC	TTCGTAATCGCCCATGAACT	GTCAAGTTCATGGGCGATTA	TGACACAGGGACGAGTGTAA	TGGTTTACACTCGTCCCTGT	ACCAACCGACACGCTATCTT	GTTGAAGATAGCGTGTCGGT
CAGATTTGATGTGACCGTGG	CGAACCACGGTCACATCAAA	TTCGGAGAAGCTTGCCTACA	GTCATGTAGGCAAGCTTCTC	TGACGGCAATTACCTACGGC	TGGTGCCGTAGGTAATTGCC	ACCACCCAGAGTGTTAGAAA	GTTGTTTCTAACACTCTGGG
CAGATGCGAACTATTCATGG	CGAACCATGAATAGTTCGCA	TTCGGCGAACATTGAGTACT	GTCAAGTACTCAATGTTCGC	TGACAGCTGAAACGACGCTT	TGGTAAGCGTCGTTTCAGCT	ACCAGCATAGAATGGTAGCA	GTTGTGCTACCATTCTATGC
CAGAAGTAACAGACGCTAGA	CGAATCTAGCGTCTGTTACT	TTCGGGTCCTTGGTAGAGCT	GTCAAGCTCTACCAAGGACC	TGACCTTCTCGTGGAGTATC	TGGTGATACTCCACGAGAAG	ACCATCTTACTCAACCGGAT	GTTGATCCGGTTGAGTAAGA
CAGATAGCGAGCATGACGAG	CGAACTCGTCATGCTCGCTA	TTCGTGTTGCATCGGTTGGG	GTCACCCAACCGATGCAACA	TGACACTCGGGCTTAGGAAT	TGGTATTCCTAAGCCCGAGT	ACCAATGGACATAATGCGCC	GTTGGGCGCATTATGTCCAT
CAGAACTCTTATGCGTCTCG	CGAACGAGACGCATAAGAGT	TTCGCTTTTGCTTCCGTCGT	GTCAACGACGGAAGCAAAAG	TGACCACACTCAAGTTCGCA	TGGTTGCGAACTTGAGTGTG	ACCATATAGCGGACTAGACG	GTTGCGTCTAGTCCGCTATA
CAGACTCAGTCGTCCATTAG	CGAACTAATGGACGACTGAG	TTCGAGGCGATCGTGTATAT	GTCAATATACACGATCGCCT	TGACGTGATTTGTGCAATGC	TGGTGCATTGCACAAATCAC	ACCAAAAAGTAGCGACACGG	GTTGCCGTGTCGCTACTTTT
CAGACAGCGTCTAGACCACT	CGAAAGTGGTCTAGACGCTG	TTCGCTGCTTCGCGTTTCCA	GTCATGGAAACGCGAAGCAG	TGACAGCTCCATATCCGGTC	TGGTGACCGGATATGGAGCT	ACCAGTGAAAATGGGCTATC	GTTGGATAGCCCATTTTCAC
CAGATCTAGAGATAGAGCGC	CGAAGCGCTCTATCTCTAGA	TTCGTATAGCCACAGTTGAG	GTCACTCAACTGTGGCTATA	TGACTAGCACTTGTCACTGG	TGGTCCAGTGACAAGTGCTA	ACCAATGCTGAACTAACTCC	GTTGGGAGTTAGTTCAGCAT
CAGATAGATACTACCGCTCT	CGAAAGAGCGGTAGTATCTA	TTCGTTTACCCGCTCATGTA	GTCATACATGAGCGGGTAAA	TGACTGTTTTCACGCAGATC	TGGTGATCTGCGTGAAAACA	ACCAAGGATCGCGCTAGTGT	GTTGACACTAGCGCGATCCT
CAGAGAAGGCGTAGAGATAA	CGAATTATCTCTACGCCTTC	TTCGGGGTCTCTTATGGAAC	GTCAGTTCCATAAGAGACCC	TGACCCGTGAGAGTATTGGC	TGGTGCCAATACTCTCACGG	ACCATTGCGCCGGGACTTAT	GTTGATAAGTCCCGGCGCAA
CAGAAGCAAGTTCCAGCATT	CGAAAATGCTGGAACTTGCT	TTCGAAGTGACACGGGCAAC	GTCAGTTGCCCGTGTCACTT	TGACCGTCATGATTACAGCG	TGGTCGCTGTAATCATGACG	ACCATTTGTGTCCGCTTGTA	GTTGTACAAGCGGACACAAA
CAGACGACAATGTACGAGCT	CGAAAGCTCGTACATTGTCG	TTCGGTGTCGAGTTTTAACG	GTCACGTTAAAACTCGACAC	TGACGACATAGCAGCTGGAG	TGGTCTCCAGCTGCTATGTC	ACCACTGTATATCGCGCGGT	GTTGACCGCGCGATATACAG
CAGACATCTGGCTAAAACAC	CGAAGTGTTTTAGCCAGATG	TTCGGATTTCTCGCGGTTGA	GTCATCAACCGCGAGAAATC	TGACTGGAGTTGCGGGTTGT	TGGTACAACCCGCAACTCCA	ACCAAGGTATAGCGCTTCCA	GTTGTGGAAGCGCTATACCT
CAGACCTGAGTAGCGTATAG	CGAACTATACGCTACTCAGG	TTCGTCGTACCTAGAGCGTG	GTCACACGCTCTAGGTACGA	TGACTTGATCATCCTCGCTA	TGGTTAGCGAGGATGATCAA	ACCAAACTATTAGGCCGTTC	GTTGGAACGGCCTAATAGTT
CAGAGTCCAGTTGCCTAGGA	CGAATCCTAGGCAACTGGAC	TTCGCTGTTGATCACCCGTA	GTCATACGGGTGATCAACAG	TGACCGCTTGAACGTATCGA	TGGTTCGATACGTTCAAGCG	ACCATTCAACTGGGCGAGGT	GTTGACCTCGCCCAGTTGAA
CAGACCTATGTCACTCGCAG	CGAACTGCGAGTGACATAGG	TTCGCCTCTGCTACAACCGT	GTCAACGGTTGTAGCAGAGG	TGACACATTGTATCCGCTGA	TGGTTCAGCGGATACAATGT	ACCACAAACATTAAGAGCCC	GTTGGGGCTCTTAATGTTTG
CAGAGCTTATCTGGCGCTAG	CGAACTAGCGCCAGATAAGC	TTCGCAAGATAGACACCCGT	GTCAACGGGTGTCTATCTTG	TGACTACAACAGGATCAAGC	TGGTGCTTGATCCTGTTGTA	ACCATAGTGAACAGCAGAGC	GTTGGCTCTGCTGTTCACTA
CAGATGGCAAGGTCTAAAGT	CGAAACTTTAGACCTTGCCA	TTCGACATGCGGCGTCTTAT	GTCAATAAGACGCCGCATGT	TGACCTGTTCTTGCAGCCAA	TGGTTTGGCTGCAAGAACAG	ACCATTTGTCGGTGGGCAAG	GTTGCTTGCCCACCGACAAA
CAGATTCCTACTACGAACCC	CGAAGGGTTCGTAGTAGGAA	TTCGGACTTAGCCTAGCCTA	GTCATAGGCTAGGCTAAGTC	TGACCTCCTTCACTCACGCA	TGGTTGCGTGAGTGAAGGAG	ACCAGTGCTGATCGTTGCTC	GTTGGAGCAACGATCAGCAC
CAGACACACTGCCCAACTTT	CGAAAAAGTTGGGCAGTGTG	TTCGAAAACCAACACCCAGG	GTCACCTGGGTGTTGGTTTT	TGACTCTAGCAAGCTCGCAA	TGGTTTGCGAGCTTGCTAGA	ACCAAGTTAAGCGAGGCATT	GTTGAATGCCTCGCTTAACT
CAGACCGATAACTATCCGCC	CGAAGGCGGATAGTTATCGG	TTCGGGCTATGTGTCGTAAC	GTCAGTTACGACACATAGCC	TGACGAGGTCCGATCTATCT	TGGTAGATAGATCGGACCTC	ACCAAGCCATGGATGAAGTG	GTTGCACTTCATCCATGGCT
CAGATTCCGCTGATGTAAGG	CGAACCTTACATCAGCGGAA	TTCGTTGTCGGGCTACTGTG	GTCACACAGTAGCCCGACAA	TGACTTGAGTGTAGGCTGCG	TGGTCGCAGCCTACACTCAA	ACCAATGGGGATTGTTAACG	GTTGCGTTAACAATCCCCAT
CAGAGATAATATCGGGGCAC	CGAAGTGCCCCGATATTATC	TTCGTACTTAACGGGACTTC	GTCAGAAGTCCCGTTAAGTA	TGACACGTATCGGTATGTAC	TGGTGTACATACCGATACGT	ACCAGGGGTGTGATTTTCAA	GTTGTTGAAAATCACACCCC
CAGAGGATCCAAGGCTGTAG	CGAACTACAGCCTTGGATCC	TTCGCCGTTGTTTCCTCACC	GTCAGGTGAGGAAACAACGG	TGACGGAACCTGTCACTGCA	TGGTTGCAGTGACAGGTTCC	ACCATCTTCTCGAGTGTAGT	GTTGACTACACTCGAGAAGA
CAGAGACGAATCCATTTACC	CGAAGGTAAATGGATTCGTC	TTCGCGACTGAACTTACGCA	GTCATGCGTAAGTTCAGTCG	TGACTCAAACTGACCGGCAA	TGGTTTGCCGGTCAGTTTGA	ACCATTTGACAAAGGCTCGT	GTTGACGAGCCTTTGTCAAA
CAGACTGGTAGAAAGGGGTA	CGAATACCCCTTTCTACCAG	TTCGCTTGTAACCACGTGCT	GTCAAGCACGTGGTTACAAG	TGACGCGGACCGACAGTATT	TGGTAATACTGTCGGTCCGC	ACCAAAGAGGCGATAATACC	GTTGGGTATTATCGCCTCTT
CAGATTTCGCCCGTTTAAAG	CGAACTTTAAACGGGCGAAA	TTCGTACCGGCTTGTCAAGA	GTCATCTTGACAAGCCGGTA	TGACCGCATACATCGTCCTG	TGGTCAGGACGATGTATGCG	ACCAGCACGTGTCCTTGGAA	GTTGTTCCAAGGACACGTGC
CAGAGGGCCCAATACAATTA	CGAATAATTGTATTGGGCCC	TTCGAAACATCCCCATCGAG	GTCACTCGATGGGGATGTTT	TGACGGTCTATGGTGCCGTA	TGGTTACGGCACCATAGACC	ACCATAGTCCGTTAATCTCG	GTTGCGAGATTAACGGACTA
CAGAGGCCCATTTTCGATTA	CGAATAATCGAAAATGGGCC	TTCGGCAAGGATTAAAGGGG	GTCACCCCTTTAATCCTTGC	TGACTCTAGTTCAACCCGGG	TGGTCCCGGGTTGAACTAGA	ACCATAGATGCCTGACAACA	GTTGTGTTGTCAGGCATCTA
CAGAAAGCACATCAGAACGC	CGAAGCGTTCTGATGTGCTT	TTCGTGAGTAGGCTTGCATA	GTCATATGCAAGCCTACTCA	TGACCACGAACGACAATCCC	TGGTGGGATTGTCGTTCGTG	ACCACTCCCTACATGTGCAC	GTTGGTGCACATGTAGGGAG
CAGATTGCGGCAATTCACTG	CGAACAGTGAATTGCCGCAA	TTCGGGTCATCTAACTGCAA	GTCATTGCAGTTAGATGACC	TGACCAGGACTCGACATATT	TGGTAATATGTCGAGTCCTG	ACCAAGCCACGGACATGACA	GTTGTGTCATGTCCGTGGCT
CAGACGTTTTAGGCATCGGT	CGAAACCGATGCCTAAAACG	TTCGGAGTATTTTTCGGTCC	GTCAGGACCGAAAAATACTC	TGACTGCGAGGATATCACGT	TGGTACGTGATATCCTCGCA	ACCACAATCTCGGGGAATAA	GTTGTTATTCCCCGAGATTG
CAGATAGGGGTCATGTACGA	CGAATCGTACATGACCCCTA	TTCGGGAATGTCCGAATCTA	GTCATAGATTCGGACATTCC	TGACTCGGGTATCCTGGAAC	TGGTGTTCCAGGATACCCGA	ACCATGCATTACTACGGTGC	GTTGGCACCGTAGTAATGCA
CAGATGACAGATTGACGGCG	CGAACGCCGTCAATCTGTCA	TTCGATTTGTCGCCCCGCTA	GTCATAGCGGGGCGACAAAT	TGACAGGCACGTGGGTATAA	TGGTTTATACCCACGTGCCT	ACCAATCTTTAGAGGCGGAC	GTTGGTCCGCCTCTAAAGAT
CAGACCGTTGTAAGGCAGTG	CGAACACTGCCTTACAACGG	TTCGAACAGGGGTACACTAT	GTCAATAGTGTACCCCTGTT	TGACCGGCTCGAATTTGTAT	TGGTATACAAATTCGAGCCG	ACCAGAGAGCCAAATCCCTA	GTTGTAGGGATTTGGCTCTC
CAGAGCTCGCTAAACTGGTA	CGAATACCAGTTTAGCGAGC	TTCGTGCCAGTATACGTGAG	GTCACTCACGTATACTGGCA	TGACTGGTACCTTTCACAGA	TGGTTCTGTGAAAGGTACCA	ACCATGGGGATGAACTATGT	GTTGACATAGTTCATCCCCA
CAGACCTTTTTAGGACGAGC	CGAAGCTCGTCCTAAAAAGG	TTCGTCCAGTTCGTATAGGG	GTCACCCTATACGAACTGGA	TGACATCCTGCTACCTTCTC	TGGTGAGAAGGTAGCAGGAT	ACCAGTCAGCTCTAAACGCA	GTTGTGCGTTTAGAGCTGAC
CAGAGTTCCTTGACGTATCT	CGAAAGATACGTCAAGGAAC	TTCGTGAACTCGCTTAGCCG	GTCACGGCTAAGCGAGTTCA	TGACCCCTACTCGTGCTTAG	TGGTCTAAGCACGAGTAGGG	ACCATGCGTTGGATAGCAGT	GTTGACTGCTATCCAACGCA
CAGATGATCCAGTACTCCGG	CGAACCGGAGTACTGGATCA	TTCGTAAACGAGCTATCCCT	GTCAAGGGATAGCTCGTTTA	TGACGCAGTGATTGGTACGC	TGGTGCGTACCAATCACTGC	ACCAGGTTTAATCCCCGCTC	GTTGGAGCGGGGATTAAACC
CAGAGGACTTTGGCTAGAGA	CGAATCTCTAGCCAAAGTCC	TTCGTGGCTCTTGGATCGCT	GTCAAGCGATCCAAGAGCCA	TGACTCACTTTGCATCACCG	TGGTCGGTGATGCAAAGTGA	ACCATATCCTTGGAATCCGA	GTTGTCGGATTCCAAGGATA
CAGACTGTTCGTGAGTTCAG	CGAACTGAACTCACGAACAG	TTCGACAGTGTTTACGACTC	GTCAGAGTCGTAAACACTGT	TGACAGGGCGACGATTAGTA	TGGTTACTAATCGTCGCCCT	ACCAGATGGCCCTTGGAAAG	GTTGCTTTCCAAGGGCCATC
CAGATACTTTCGCAATTGGG	CGAACCCAATTGCGAAAGTA	TTCGAAGACGCAGAGGTTCA	GTCATGAACCTCTGCGTCTT	TGACATGATACCGGCATTCA	TGGTTGAATGCCGGTATCAT	ACCAACATAGACGGATCCTT	GTTGAAGGATCCGTCTATGT
CAGAAGCCTTTACTGTGAGC	CGAAGCTCACAGTAAAGGCT	TTCGGTAGCACAGTTCTGGG	GTCACCCAGAACTGTGCTAC	TGACACCGTTCTCAACTAAC	TGGTGTTAGTTGAGAACGGT	ACCATAATGGGGTCACTGAG	GTTGCTCAGTGACCCCATTA
CAGAGCTATAAGAATGTGCC	CGAAGGCACATTCTTATAGC	TTCGCTATCTGAGTCGCTGG	GTCACCAGCGACTCAGATAG	TGACGACGACCGAAAGATGC	TGGTGCATCTTTCGGTCGTC	ACCACTGCACTTAACATCAG	GTTGCTGATGTTAAGTGCAG
CAGAGGGTGTTTACAGGAGA	CGAATCTCCTGTAAACACCC	TTCGAATAAGTGGCGGTTCT	GTCAAGAACCGCCACTTATT	TGACCACAACGGACTAGTCT	TGGTAGACTAGTCCGTTGTG	ACCACCGTAACCACTAACTC	GTTGGAGTTAGTGGTTACGG
CAGACGTTGGTTCGATCTAG	CGAACTAGATCGAACCAACG	TTCGACGTTAACAGAAAGCG	GTCACGCTTTCTGTTAACGT	TGACCAACGGAGCAAATTTG	TGGTCAAATTTGCTCCGTTG	ACCACTTCATGTCTCCTCAC	GTTGGTGAGGAGACATGAAG
CAGACAATTGACGGGACACA	CGAATGTGTCCCGTCAATTG	TTCGGATGTACGAGGCCTGA	GTCATCAGGCCTCGTACATC	TGACAATCGCTACTTGACCA	TGGTTGGTCAAGTAGCGATT	ACCAACACCCGCTTAGTAAC	GTTGGTTACTAAGCGGGTGT
CAGACCGTCAAGCTAACCAC	CGAAGTGGTTAGCTTGACGG	TTCGTCAATGGGGTAGCCTC	GTCAGAGGCTACCCCATTGA	TGACTGCTCGCAGTCTTTTA	TGGTTAAAAGACTGCGAGCA	ACCATGGCTGAGATGTTCAC	GTTGGTGAACATCTCAGCCA
CAGAAGCTTCTAATAGGGGA	CGAATCCCCTATTAGAAGCT	TTCGCACTACGGTCTAGGAC	GTCAGTCCTAGACCGTAGTG	TGACGGAAGAGGAACACACA	TGGTTGTGTGTTCCTCTTCC	ACCATTGGATAGACAACGCC	GTTGGGCGTTGTCTATCCAA
CAGAGTGTTGTCGTCTAACA	CGAATGTTAGACGACAACAC	TTCGCCAGATCCATCATTCC	GTCAGGAATGATGGATCTGG	TGACCTCACGGGCTCACTAT	TGGTATAGTGAGCCCGTGAG	ACCAAAATGTTCGCTACCAC	GTTGGTGGTAGCGAACATTT
CAGACCTTGGAAGACGCTTA	CGAATAAGCGTCTTCCAAGG	TTCGCTGTCAGGGCCAAAAC	GTCAGTTTTGGCCCTGACAG	TGACGGGGCGATACACAACT	TGGTAGTTGTGTATCGCCCC	ACCAAGAACAGCCGGGATAG	GTTGCTATCCCGGCTGTTCT
CAGAACGTCCGGCATGTATC	CGAAGATACATGCCGGACGT	TTCGCACGTGTACTAAACTG	GTCACAGTTTAGTACACGTG	TGACTTACAGAACGTGCCCA	TGGTTGGGCACGTTCTGTAA	ACCATCAATGCTTGTCAAGG	GTTGCCTTGACAAGCATTGA
CAGAAATGGGTGTGCATTCC	CGAAGGAATGCACACCCATT	TTCGTTAAATCACCTCTCGC	GTCAGCGAGAGGTGATTTAA	TGACTGAGCAAAAGCCCATC	TGGTGATGGGCTTTTGCTCA	ACCAGACGCTCGGTACCATA	GTTGTATGGTACCGAGCGTC
CAGAAATGGGCAGTAAAACC	CGAAGGTTTTACTGCCCATT	TTCGCAAAGAAGGACGGCGT	GTCAACGCCGTCCTTCTTTG	TGACGAGTTGGTGCGTTTTT	TGGTAAAAACGCACCAACTC	ACCACAAAGCTGGTGTCTGG	GTTGCCAGACACCAGCTTTG
CAGATGAGTTTTGTGGCAGA	CGAATCTGCCACAAAACTCA	TTCGAAGGCCCGCTGTAAAC	GTCAGTTTACAGCGGGCCTT	TGACGGCCCTCTTTAATGCG	TGGTCGCATTAAAGAGGGCC	ACCAAAGGGTATGAAGCAGG	GTTGCCTGCTTCATACCCTT
CAGAGTCAAACTTTCGAACG	CGAACGTTCGAAAGTTTGAC	TTCGAACTAGAGATCGTGCC	GTCAGGCACGATCTCTAGTT	TGACGTGGTAAGTGCGTGAA	TGGTTTCACGCACTTACCAC	ACCACCTTAGGTCGGCTTTG	GTTGCAAAGCCGACCTAAGG
CAGATGAACGGTTCTCTAGG	CGAACCTAGAGAACCGTTCA	TTCGACCTACCACCTGTGTT	GTCAAACACAGGTGGTAGGT	TGACTCACCCACGAAAAGGC	TGGTGCCTTTTCGTGGGTGA	ACCAGATACATCCTCCGCAT	GTTGATGCGGAGGATGTATC
CAGAATTCCTCGCACAGCCT	CGAAAGGCTGTGCGAGGAAT	TTCGGGCCAACAAAAGACGT	GTCAACGTCTTTTGTTGGCC	TGACCTAGGACAGCGACGAA	TGGTTTCGTCGCTGTCCTAG	ACCAGCGTAAATATAGCCCC	GTTGGGGGCTATATTTACGC
CAGATTCAGTGACCCTACGC	CGAAGCGTAGGGTCACTGAA	TTCGAGGTCGGCTTACACTG	GTCACAGTGTAAGCCGACCT	TGACCCCAAATACACAGCGT	TGGTACGCTGTGTATTTGGG	ACCACGAACATAGGCGTAGT	GTTGACTACGCCTATGTTCG
CAGATTTGAGTGTCGTACGC	CGAAGCGTACGACACTCAAA	TTCGGGCTACAATTCTGCGA	GTCATCGCAGAATTGTAGCC	TGACTCTCTACTGTGTCGTC	TGGTGACGACACAGTAGAGA	ACCACCTGTTACTTATCCCC	GTTGGGGGATAAGTAACAGG
CAGATATGCTGCACCATAGT	CGAAACTATGGTGCAGCATA	TTCGTTAAAGAGGGCGAGCT	GTCAAGCTCGCCCTCTTTAA	TGACCATAAACGGAACAGCA	TGGTTGCTGTTCCGTTTATG	ACCACATACGAGGTGGATTC	GTTGGAATCCACCTCGTATG
CAGAGGAAGGGCTCTAGTTC	CGAAGAACTAGAGCCCTTCC	TTCGGGAAATAGCAGCTCAT	GTCAATGAGCTGCTATTTCC	TGACAGCTGCCACGTAGATG	TGGTCATCTACGTGGCAGCT	ACCAATACTATGACATGGCC	GTTGGGCCATGTCATAGTAT
CAGAGAGAGAGGCATGGTTC	CGAAGAACCATGCCTCTCTC	TTCGTACCCAGAGTAACCAC	GTCAGTGGTTACTCTGGGTA	TGACATGGGTGTATGTCTGG	TGGTCCAGACATACACCCAT	ACCAGCAGCACTGATTATTC	GTTGGAATAATCAGTGCTGC
CAGACTATGGCACTACGGAA	CGAATTCCGTAGTGCCATAG	TTCGGCAGAGAGTAGTAGCC	GTCAGGCTACTACTCTCTGC	TGACGAATCCTACCATGGCC	TGGTGGCCATGGTAGGATTC	ACCAGTGCATCCCAAGTACA	GTTGTGTACTTGGGATGCAC
CAGAATGCAACTTTGTGTGC	CGAAGCACACAAAGTTGCAT	TTCGGGGATGATGCGTTGAA	GTCATTCAACGCATCATCCC	TGACTAAGGCCGGTACCACA	TGGTTGTGGTACCGGCCTTA	ACCAGAGAGTGCATCCGTTC	GTTGGAACGGATGCACTCTC
CAGAATGTAAACGGAGATGG	CGAACCATCTCCGTTTACAT	TTCGGCCTGTAATGCGCTGA	GTCATCAGCGCATTACAGGC	TGACTCCCGTTTCAGTCTGC	TGGTGCAGACTGAAACGGGA	ACCACTTTGTGACGTTCCTA	GTTGTAGGAACGTCACAAAG
CAGACTCATATGGACTGCCC	CGAAGGGCAGTCCATATGAG	TTCGGCTTGAGGTTACTTGC	GTCAGCAAGTAACCTCAAGC	TGACTCGCGTGTATCAACCA	TGGTTGGTTGATACACGCGA	ACCATTCGACCCTGATCCAA	GTTGTTGGATCAGGGTCGAA
CAGATTTGCCTGGATACCGA	CGAATCGGTATCCAGGCAAA	TTCGCTGAGCTTCTGGACTT	GTCAAAGTCCAGAAGCTCAG	TGACCTATCAGCACCCGTCT	TGGTAGACGGGTGCTGATAG	ACCAACTGATCTGCCTTGAC	GTTGGTCAAGGCAGATCAGT
CAGATACTATGAGGTGCGCG	CGAACGCGCACCTCATAGTA	TTCGTATCATAGGGGGTCAC	GTCAGTGACCCCCTATGATA	TGACCGGTTTAGCGTCTTTT	TGGTAAAAGACGCTAAACCG	ACCAGCTTGGGTACTTTCTT	GTTGAAGAAAGTACCCAAGC
CAGACTCGACACATCCACAG	CGAACTGTGGATGTGTCGAG	TTCGCAATTGAACTGAGTCG	GTCACGACTCAGTTCAATTG	TGACTCAACTACCTTAGGCC	TGGTGGCCTAAGGTAGTTGA	ACCAGATACCTGCATCAACT	GTTGAGTTGATGCAGGTATC
CAGAGAACTATTTTCCCCGC	CGAAGCGGGGAAAATAGTTC	TTCGCGCTTGTTAACCGTGA	GTCATCACGGTTAACAAGCG	TGACCACCGGGTTCACAAGT	TGGTACTTGTGAACCCGGTG	ACCATCTTTTGCTAGGAACC	GTTGGGTTCCTAGCAAAAGA
